firstname,lastname,email,username,user_id,fullname
,,,alexstockton,DUS61F3VFKNGKV2IRF81,Alex R
,,,atest,DUW6G75XOWKOD8Q1JWXN,Alex Test 1
,,,atest2,DU8OSF55JYC99URSNB8R,
,,,atest3,DUIX53LLZ74J89OUAZ73,
,,,atest4,DUCO1V5UZF4H2205WYB1,
,,,atest5,DU4EKO8PBTTQVMDEIVKF,
,,,atest6,DU0I4FM6TM8001VSS7VU,
,,example_user_1@example.com,example_username_1,DUEWOPBEAXBER8RI85JI,
,,,example_username_2,DUBG01FLY1GG2VVM42RX,
,,,newuser10,DU6C66JOTWNL6GH66LEO,
,,,newuser11,DUXIG4T1WKNO8EPBCVM0,
,,,example_username_1_,DUPMYF2JBY10TOU6MOZU,
,,,example_username_2_,DUR0KQM709NLA23IE4LZ,
,,,example_username_3_,DUHTK64W8ASARNO97RCK,
,,,example_username_4_,DUYDZVUXYP4Z64SAZWX6,
,,,example_username_5_,DUOSYWF4VELEG362KH4R,
,,,example_username_6_,DUHBHM0CYJ1PRI70RTV0,
,,,example_username_7_,DUFBA179ZXVDH77514VC,
,,,example_username_8_,DUH92MAXDZ4RWGJMYART,
,,,example_username_9_,DU7U6CMQ202URA8IN4NJ,
,,,example_username_10_,DU6LRY6S6QAGE4CZ6K6E,
,,,example_username_11_,DUVNV5G97WQ78SY7P4QF,
,,,example_username_12_,DUAPXK34XAH2CDAI8O9E,
,,,example_username_13_,DU9XA5Q8KL2H677DKACC,
,,,example_username_14_,DUFD1BVXHB2Y02KIFCX3,
,,,example_username_15_,DU0WPYPMN3Z0PBIJ6ATU,
,,,example_username_16_,DUM63XJAUPTMA858V8VT,
,,,example_username_17_,DU7R7S0W6XE60Z6D7JFG,
,,,example_username_18_,DUZRWDC0HCUR1Y6VVQJQ,
,,,example_username_19_,DUZ6KXOUEFCSDYDA1G8N,
,,,example_username_20_,DUVN1SP7U22WJ15CYJSZ,
,,,example_username_21_,DUYKIKL77V0Z2U3O2WVT,
,,,example_username_22_,DU26D6003YTSOCZTN9YW,
,,,example_username_23_,DUKJQL3JKW5EGMH4WMDS,
,,,example_username_24_,DU2WVSRLRINMIMY2IJJO,
,,,example_username_25_,DUAB510HZPNCU5I733AZ,
,,,example_username_26_,DUPKBMXN5M8RWY5D2BBL,
,,,example_username_27_,DUXEGYMZP3XNHS1IMKYE,
,,,example_username_28_,DUV7Q8LRFAFJH2ONWPWZ,
,,,example_username_29_,DURQXUNU1F47ZTGIO7RW,
,,,example_username_30_,DUY6N3UK6C8ZJQD3P134,
,,,example_username_31_,DU32UMMD44TMEZBGTXEH,
,,,example_username_32_,DUZRXFD9DDVPAFUAM211,
,,,example_username_33_,DUZY0JVX2QPDABJBCD4Y,
,,,example_username_34_,DU4LHQMJZHOXY7JZXWNG,
,,,example_username_35_,DUYRRIIOHQL7AJAWCVVG,
,,,example_username_36_,DU2R1NT2HRGL8SK2BUN5,
,,,example_username_37_,DUEWM920M1BF5MGOG1YD,
,,,example_username_38_,DUUYM3UP3M1G4W5KW4X4,
,,,example_username_39_,DU1XSQM8SS5JCRXCO1FU,
,,,example_username_40_,DUF5AVNTJ60C2H6JMYUE,
,,,example_username_41_,DUPC6F9AB51XC4KKHAM0,
,,,example_username_42_,DUPY82LM134820U7A8YI,
,,,example_username_43_,DUXLOHPJLD2MXEDMQYQM,
,,,example_username_44_,DUG57GKLD2H5RAYI08GV,
,,,example_username_45_,DU8I1IEVCPQAR1CWGCK8,
,,,example_username_46_,DUEBL5TDFF81EH8D93ZV,
,,,example_username_47_,DUPRUUWINW43HXXPOE1Q,
,,,example_username_48_,DUJL8VSSB13ZKJUCXHTK,
,,,example_username_49_,DU03G7J2M1Q32D0NYDP8,
,,,example_username_50_,DURQA9X8PEWSLN0LJF24,
,,,example_username_51_,DUZNNME8K5LQ79Z94NT3,
,,,example_username_52_,DU9SWT1TQYGF6UP847JQ,
,,,example_username_53_,DUZLXFV9XUHGW0D0TKYU,
,,,example_username_54_,DU48YI3Z72TGJI6T8SES,
,,,example_username_55_,DULTZQ4A0XXRSQS6ZTNA,
,,,example_username_56_,DUZA7ZVCU6CAR8SE17GM,
,,,example_username_57_,DUD7T85R93118TKW910S,
,,,example_username_58_,DU3BQFTEUB07BMEUYOQW,
,,,example_username_59_,DU3I9BCREOAYF1RB6CE1,
,,,example_username_60_,DUGANFA2SQZN2P1H64BJ,
,,,example_username_61_,DUE3RGZ5J3OY775TKFE3,
,,,example_username_62_,DUS9A4VN899C8XFEH5G1,
,,,example_username_63_,DUX4N5XJMRLWTGY3FVFL,
,,,example_username_64_,DUUGO7UN2ETU3OLQU7FL,
,,,example_username_65_,DUYVIOPGNNLIVJT1DWEU,
,,,example_username_66_,DUQ66B5VJHTZCF0WHPEM,
,,,example_username_67_,DU9DHM703U80W7QN35HJ,
,,,example_username_68_,DUI02ASHAOQSOSQYT4N2,
,,,example_username_69_,DUI7EDB4HQN8BM069BM8,
,,,example_username_70_,DUSD7C06KBQZTIWZK8SN,
,,,example_username_71_,DUFSIKL46SG2UGJXPK4K,
,,,example_username_72_,DUNT0878KZ0YJIEZM7VW,
,,,example_username_73_,DUZ1VW0AL2BNTUIRKQFN,
,,,example_username_74_,DU3K66W490V361T3ZPSD,
,,,example_username_75_,DUELK48LQQRNVLWY5X8M,
,,,example_username_76_,DUYRR03Z81PJ0PT0NI8W,
,,,example_username_77_,DUGQDXDW3JDACCVOOB92,
,,,example_username_78_,DUYGPT48BM34KSRTJ2UF,
,,,example_username_79_,DU5EH1JVEVM3XMUE7896,
,,,example_username_80_,DUK8XGKK7F5AQTMXDTCX,
,,,example_username_81_,DUWMSLH1Y95QC9AHGA6V,
,,,example_username_82_,DUZDHPDT4YH1N4CIK1JY,
,,,example_username_83_,DU6PGKCVKICMNPGD2WA1,
,,,example_username_84_,DUBD9CY0OVNUFLHCZR6X,
,,,example_username_85_,DUH68VL252E9UX70WEZ0,
,,,example_username_86_,DURCJ7YZGP1QULHJY9GW,
,,,example_username_87_,DUUA1ATM3ZP0IO08XVL8,
,,,example_username_88_,DUWTCV4DRLTIHNSBOHWI,
,,,example_username_89_,DUEISS0L43MOY0DWCKQO,
,,,example_username_90_,DUXL0YY9T2VE7OHWEO4P,
,,,example_username_91_,DU8KSNVQKQEGU1N2X6WA,
,,,example_username_92_,DUUKRTUDTWUA8EEAD1EK,
,,,example_username_93_,DUV6ZHOOMF0D4UWAPJ6Q,
,,,example_username_94_,DUA8HQJVC0XFLXK3NP3M,
,,,example_username_95_,DUJF3IGKXTAD3XFXANHL,
,,,example_username_96_,DUJSK0Z5B0PEQUWVLKT4,
,,,example_username_97_,DUEL8ZM2113JRTUC1QJ7,
,,,example_username_98_,DUELBIEQ6T7A1V2RD9JP,
,,,example_username_99_,DUURMCQIW30Y34D2GN9O,
,,,example_username_100_,DUY6G2NABTOGVUMBHFT6,
,,,example_username_101_,DUK674FGTL07D5NHMGN0,
,,,example_username_102_,DUMTMM3SMR5MKDA52P3S,
,,,example_username_103_,DUQUI8K5G2SFE6O741T9,
,,,example_username_104_,DUGIRFJH71PPM3JM9MPP,
,,,example_username_105_,DUYX0YY3V6NXE62HC9D5,
,,,example_username_106_,DUB4ETBQF3P8N64BIY7Y,
,,,example_username_107_,DUH7LWUU6E0FV6YENZBE,
,,,example_username_108_,DU2LZO7RHAMW9N6KBERF,
,,,example_username_109_,DUQW5R8EM45IB54HQMIO,
,,,example_username_110_,DUR88Q8WSDFF1JPIQVRE,
,,,example_username_111_,DU6RPZBTPIKM7P2FOI47,
,,,example_username_112_,DU9LFYHI4TTNNUHHTD4I,
,,,example_username_113_,DUKJZQXYFVWTLTRLWVYW,
,,,example_username_114_,DUAUD9BDYJ5A7ILDPSEA,
,,,example_username_115_,DUM1I1BSYM65EMSQZ36P,
,,,example_username_116_,DUCQ8G65NDKNUOY7NA83,
,,,example_username_117_,DUL6MU8JZLVELDCJ2631,
,,,example_username_118_,DU6HV7T82MG6F1KVG45H,
,,,example_username_119_,DUZZAMLGK41B5AYX74M6,
,,,example_username_120_,DUDGNNOOFUCWML9BMI55,
,,,example_username_121_,DUABA3Q59JC3HRU9Z37P,
,,,example_username_122_,DUH6C1XXEDRLXDRUZJBY,
,,,example_username_123_,DUPJGGXJH56DU1PGO4UL,
,,,example_username_124_,DUORDLC54WEHX1F36MA4,
,,,example_username_125_,DUYXXNC2FKY424G03HUN,
,,,example_username_126_,DUX4T9QXXQBBXRMWPSSR,
,,,example_username_127_,DU633T3W3NC54SEL31T4,
,,,example_username_128_,DUVVOBORXFVX3077KJ3Q,
,,,example_username_129_,DU9RKO52UNQF28Z7OIGW,
,,,example_username_130_,DU8779Q80I32MRQBQ2IE,
,,,example_username_131_,DUTT3PLR2E6X1T3LWMOG,
,,,example_username_132_,DUPN19QF2N76IYQH26XV,
,,,example_username_133_,DUG4TK82JWKSAOAHQL6C,
,,,example_username_134_,DU7A34O5CJRB941SR4CR,
,,,example_username_135_,DUGKNILSJ21ZELC592BO,
,,,example_username_136_,DUHG4Y20XF1J7XZVWMVY,
,,,example_username_137_,DUZ599FTVKEDS1FD3U5B,
,,,example_username_138_,DUIGMKIBHAV6D0D56T3G,
,,,example_username_139_,DUCOCVQIH5CEIZNT5GU6,
,,,example_username_140_,DUXKLLAU935JUJ4OXMPC,
,,,example_username_141_,DUP2F2TGHWIYMYHLUJRS,
,,,example_username_142_,DU5L4TTB1HYGM26935HC,
,,,example_username_143_,DU51RI1BVLJ2Y8U2XJ4F,
,,,example_username_144_,DUG7V8MOMO7LI18MDAGK,
,,,example_username_145_,DUDN4D6DQPKZHX673KO9,
,,,example_username_146_,DU0PPXIXCDXZRF7E795Z,
,,,example_username_147_,DU4TGOT4X6ZG3WDQ9V60,
,,,example_username_148_,DU570PG2E165J1BUV2UP,
,,,example_username_149_,DUN9MO8B6ATEMOEO1X73,
,,,example_username_150_,DUCR8R2EDWL3M2KR6UMK,
,,,example_username_151_,DUQALWKPW92Q9BWKV97D,
,,,example_username_152_,DUW2IRDZXQF5APOKPSJR,
,,,example_username_153_,DUSAUON74SPDFINYI6P2,
,,,example_username_154_,DUAMIYGRM0TLYJIW67R1,
,,,example_username_155_,DUMH7VPC3UTU993ASBZE,
,,,example_username_156_,DUKPCIQE9MFQH5E3KY9H,
,,,example_username_157_,DU0800E1087EJW9OXI01,
,,,example_username_158_,DULZ1LVS4K20UM2VZ56F,
,,,example_username_159_,DUDBM57EDUJD7B78AM8M,
,,,example_username_160_,DUYID2QHEA5UDT75KHYT,
,,,example_username_161_,DU817S575MR9ZQP7NKJE,
,,,example_username_162_,DU0PTB33YB35Z5HWBTA6,
,,,example_username_163_,DUQDQFL8YUEFA6FOX2FR,
,,,example_username_164_,DUSN893DIJ1LLY72OU88,
,,,example_username_165_,DU7FMM9RMMNIM6ZTUX02,
,,,example_username_166_,DU3WIAD13V4TKZL97KGJ,
,,,example_username_167_,DU60IDPM84JKM4FZ6E86,
,,,example_username_168_,DULIS95MR6AT9F9RMJ0K,
,,,example_username_169_,DUIN93R0LKDT44H8YI2O,
,,,example_username_170_,DUJRH0ERGLMU5DPFRGIE,
,,,example_username_171_,DUS84KIVI8B9O513I2QR,
,,,example_username_172_,DULAP4HW5JIUXRBCXOLE,
,,,example_username_173_,DUEC92BSEBUEGP0EOT6W,
,,,example_username_174_,DUOXS4RHL7GIY9QE0XTE,
,,,example_username_175_,DUJSNDSJAXSDTEJVOVZB,
,,,example_username_176_,DUR2NCU5S7L9NH34EP9L,
,,,example_username_177_,DU6KFZBXMTEDPD6YPG36,
,,,example_username_178_,DUPIZF0KIUHGCHURGBL1,
,,,example_username_179_,DUGELUG4RHX32CSWWJRK,
,,,example_username_180_,DU3NZ0E5LV5WYZ7LDDQ5,
,,,example_username_181_,DUN826306NFJ9EYCUCDO,
,,,example_username_182_,DU2VVMLU3H3CR2M5O0P7,
,,,example_username_183_,DUU197DL7HGXXTX3H3TK,
,,,example_username_184_,DUFBPEEC24VY1ZK27AP0,
,,,example_username_185_,DUB5CNU0XYDO7S8FMUN7,
,,,example_username_186_,DUZ1LUYT9E2SUX63DKT4,
,,,example_username_187_,DU8SAQ2S1PHOHJ73HRD1,
,,,example_username_188_,DU94P3WQ9N3D7HYKB4D5,
,,,example_username_189_,DUDV9PCRW5BTUUE6GCTO,
,,,example_username_190_,DU3PVN7FNEWRHQ5OP4I1,
,,,example_username_191_,DULFRHZ3YD3XTY43KEFF,
,,,example_username_192_,DUU9ST6IND7CMU85ZG3A,
,,,example_username_193_,DUEW6V9BAX7OEIX3LA46,
,,,example_username_194_,DUOWM7PBIRUV34AVK40I,
,,,example_username_195_,DUBMYMDOVXFFYSTFOIR5,
,,,example_username_196_,DUI114TT38JWR45LJEQP,
,,,example_username_199_,DUYNNK3KSUIMN23D2IQR,
,,,example_username_200_,DUGBG8CMTNZHYLQU29K3,
,,,example_username_201_,DUKMY4944REYKZNSCBAX,
,,,example_username_202_,DUA71LZQQJHRC8NBT6VN,
,,,example_username_203_,DU8OKNOUA4KOO30WCQ1O,
,,,example_username_204_,DU304QZG30CCYRV2XSUC,
,,,example_username_205_,DUD4JWH2GPV7UU3MB3DI,
,,,example_username_206_,DUNVWWRRUFZLNF9E928X,
,,,example_username_207_,DUYJ6N4SVBTBDB3NSTOQ,
,,,example_username_208_,DUPSG0P8CFVWT02IA80C,
,,,example_username_209_,DU1IVTZ4LCV5SR2B2HGQ,
,,,example_username_210_,DUO69CQTO6J78WOQXMHS,
,,,example_username_211_,DUS17K4UX3YG3OH6NNPR,
,,,example_username_212_,DUBSH84GLELZ0DLMCHHN,
,,,example_username_213_,DU1NVC113KIV3FAEIQDB,
,,,example_username_214_,DU1353IZ6LICJLQ636TX,
,,,example_username_215_,DUW3R2TKEBPCVFMWA4G0,
,,,example_username_216_,DUCULKXQHEKUA83UYKE1,
,,,example_username_217_,DUFIQZMH1RYS2LJA5S3E,
,,,example_username_218_,DU42OU8U4EE6T4YZVAHN,
,,,example_username_219_,DULJWTAN6C8DURHARLD1,
,,,example_username_220_,DU77FB94TXNLXJX63OXR,
,,,example_username_221_,DUSQFQOMK6ZEFR6U0F4E,
,,,example_username_222_,DUYMFPJ9KKJTKQHJ6D50,
,,,example_username_223_,DUOHT3G5CO277LNXMDBO,
,,,example_username_224_,DU21UEJWW7XQV85SGD72,
,,,example_username_225_,DUEY049R0VX0DE2ZP2Z4,
,,,example_username_226_,DU8WHRAXLHJB4EYY4SQK,
,,,example_username_227_,DUU0638FIN5AMIW40D41,
,,,example_username_228_,DUL520EYJIIDUI1M46VW,
,,,example_username_229_,DUYTHGIPJCGE8UL0ZIG2,
,,,example_username_230_,DUXL9P02RXYD0JAD5VZ5,
,,,example_username_231_,DUXGOFGT0WELVW7JLX62,
,,,example_username_232_,DU0C4GPJX113JJ6HG6HW,
,,,example_username_233_,DUMCYE0H4469W4L68ACX,
,,,example_username_234_,DU1PMVM9TP1U34JIYZE9,
,,,example_username_235_,DUIUO8X27PVGUPI93OV4,
,,,example_username_236_,DU04OOIYUJBGOPV2O0O8,
,,,example_username_237_,DUWLN9Q8CJISNIKT8NX2,
,,,example_username_238_,DUY08KOGT9LAWHQG4503,
,,,example_username_239_,DUV5BMD7RHVIQ8R4TYR5,
,,,example_username_240_,DU1P3FU8OSEAGFKLY0HX,
,,,example_username_241_,DUBE7OW69JWI2XM508B8,
,,,example_username_242_,DUZ2Z60RP6CGXIO313CS,
,,,example_username_243_,DUC13Z5W78MI3P640FWP,
,,,example_username_244_,DU8QW14ROJVCE5W3H0FH,
,,,example_username_245_,DUNL0DY40LYS0IFTLYPO,
,,,example_username_246_,DU3J3IK244HEM6KDXHYX,
,,,example_username_247_,DU7BJXRJ4IICQPQSF77P,
,,,example_username_248_,DUE6VJ8ANC0FIQ9QOK05,
,,,example_username_249_,DU779BB0TA3QASGBWV70,
,,,example_username_250_,DU9Q7JN6PSJ63LGU2YTG,
,,,example_username_251_,DUZ7LLBIOIX1W27GSR0H,
,,,example_username_252_,DUCFQ4TOPNGMV4YAJL9M,
,,,example_username_253_,DUGSEIRP26KFYOFIN5UT,
,,,example_username_254_,DUH6Y0QTB6WL7XA4KRE8,
,,,example_username_255_,DU167NTN9E5XIVVF72BY,
,,,example_username_256_,DUTNLYEWA51CP8MP9BND,
,,,example_username_257_,DUO2Y4QEZPGYP7FI4TBX,
,,,example_username_258_,DU9YWSVFDOQ54W061UBL,
,,,example_username_259_,DULD95QPGU3CARHZBIH0,
,,,example_username_260_,DUJ4TJC7SH3TSDXVQGB9,
,,,example_username_261_,DUL6E9SUD35Q0INELKGM,
,,,example_username_262_,DUSYSOCWU1O53RPYXW00,
,,,example_username_263_,DUNTXA28OD8H55A5DNT5,
,,,example_username_264_,DU9B7T2WBFJKDHN4DQ49,
,,,example_username_265_,DUYU4VYTT1QZKKL4ND57,
,,,example_username_266_,DUQUWDOKSCDOWA1SR41M,
,,,example_username_267_,DUAA5P8WQVT8TMZBNJ4E,
,,,example_username_268_,DU33XDNPT2UK6I9U8HAR,
,,,example_username_269_,DUEE08WO79AYD46812R1,
,,,example_username_270_,DU9FO0WE81OJSQQ0RZK4,
,,,example_username_271_,DUC7TY9IVHAF0YSBGU81,
,,,example_username_272_,DU8XJXVYP15QNNJP55UL,
,,,example_username_273_,DUAP0Y9XHHSZDQIXXSD6,
,,,example_username_274_,DUGFKIW50XNG8LGPP6D7,
,,,example_username_275_,DUIVFI9JH9AD3PIE6FCL,
,,,example_username_276_,DU2USPLK2YAWXL3N4PHJ,
,,,example_username_277_,DUYL7ZB2MBLDVH1HTUTT,
,,,example_username_278_,DUR70Q0732Y4HB615KSL,
,,,example_username_279_,DUE8OPLTDL1ORWTFUAHV,
,,,example_username_280_,DUOL0IAJ3FNEGDS44242,
,,,example_username_281_,DU3TC9QTXJ69K6TFGIAS,
,,,example_username_282_,DUNXOJU40KK3IMRH7LH5,
,,,example_username_283_,DUUUH3H6U7SI2DWDF5R0,
,,,example_username_284_,DUSCNP57MM51R4YSCM9G,
,,,example_username_285_,DU3N1PQGIN1LHI0PV6EV,
,,,example_username_286_,DUGEHRXYJP1O54IHU1I7,
,,,example_username_287_,DU1X99YPR05LLV67UNNG,
,,,example_username_288_,DUYDFPXDSLV141E6S0R6,
,,,example_username_289_,DU3POHOVISQT01RSWCTK,
,,,example_username_290_,DUKLH836HBCCITJ6HGRY,
,,,example_username_291_,DUQS0TNC7AIIZS6J1JN9,
,,,example_username_292_,DUUZ7GB3X7IQTHF39QOF,
,,,example_username_293_,DU8CWJ34411MG8FJ2H4U,
,,,example_username_294_,DULI90KAAGN9W47V47N4,
,,,example_username_295_,DUY4WH6GVZFWB8NNA0MF,
,,,example_username_296_,DUZHUOW0SVUDIV0A4A5F,
,,,example_username_297_,DUQH291QLOINJERF9WVS,
,,,example_username_298_,DUIKL5O98S866IJOAQWB,
,,,example_username_299_,DUNUY0LTHMVMV2B34LO0,
,,,example_username_300_,DU1KKYE5PXMSO28F750E,
,,,example_username_301_,DULBH3RWZEH9PGB1MJQZ,
,,,example_username_302_,DUVOJVXRN8AXZ9RJGSRF,
,,,example_username_303_,DUITPDTQTTQRJLYA5APM,
,,,example_username_304_,DUPWLS33S5G61UBZFB9X,
,,,example_username_305_,DU8KH3K6ZM51AEFHAO1G,
,,,example_username_306_,DULLAH79T2C84WKEB4H3,
,,,example_username_307_,DUS8BOHYRLI7MIKVCX6C,
,,,example_username_308_,DUUF4VI9NTY38QOBWV4Y,
,,,example_username_309_,DUQBGD2353T7VB4VQTCU,
,,,example_username_310_,DUCDNYLDOWX67LTCSMK6,
,,,example_username_311_,DU8P3VH40WK14VVZ7YNQ,
,,,example_username_312_,DUVVKFNKOD53VZE73HBR,
,,,example_username_313_,DUM8HAL7ILY5RM3QYCSG,
,,,example_username_314_,DU90J0WD4QVINN369F4N,
,,,example_username_315_,DUO6JF8DHUCAX7BMZ7VZ,
,,,example_username_316_,DU8ENR7IMUDW053FNW9S,
,,,example_username_317_,DUUFW1HVSPY03TZYB6JW,
,,,example_username_318_,DUZ6R11E1QJHWCKYDWU2,
,,,example_username_319_,DU87WN89MF2D01FANSNB,
,,,example_username_320_,DUU826KH8RR469V4YFF4,
,,,example_username_321_,DUKH1VE40BXHH9C4CECH,
,,,example_username_322_,DUNNA6M2PBJDW6U7QZB1,
,,,example_username_323_,DUCJ0QP38XNSQR3L579S,
,,,example_username_324_,DUPBDQ3YBM01S2JI9KM1,
,,,example_username_325_,DU7YZ1NG0TNNMFVU7NO8,
,,,example_username_326_,DUYZ33SND0YSXN9PPR33,
,,,example_username_327_,DU2V6ASW3ASRA5CDQIUR,
,,,example_username_328_,DUHLC98OCEPQF4Y7M33K,
,,,example_username_329_,DUJ7BDDV6UH800X1VJYI,
,,,example_username_330_,DUUAPGT1T4PFJ4H3QJ4F,
,,,example_username_331_,DUYPVHZR8LVGD92A64JT,
,,,example_username_332_,DUVV1VZ4X8SJM3CVRX8J,
,,,example_username_333_,DUVOSXQC3O7R6D29HGPC,
,,,example_username_334_,DUFKB395Z9WVAAWRHUQR,
,,,example_username_335_,DU1ADN55H0Q48EZAKNRB,
,,,example_username_336_,DU7YH27WRJBLMBGHGKCN,
,,,example_username_337_,DUM38VSZ2P24LUR0XM77,
,,,example_username_338_,DUR5XFCJYIW8OIBPHDVZ,
,,,example_username_339_,DU45H8AGECEOWLGYZH5W,
,,,example_username_340_,DUTEVUJWWCPSGI8LCYPG,
,,,example_username_341_,DUEUE8E3OEKHVS23440E,
,,,example_username_342_,DUSUMM8GUYQKBVJ90M8G,
,,,example_username_343_,DUK47CBMDXEHJPL2YV5W,
,,,example_username_344_,DUTM7RFHY81GLNSFE4YL,
,,,example_username_345_,DUZE81YBJ9P10WQQX46U,
,,,example_username_346_,DU7D1FW7NPDTS2O8C0HD,
,,,example_username_347_,DU8GXWFCTPJKISBDGK5S,
,,,example_username_348_,DUTW7PVMLDWQOYBR74ZL,
,,,example_username_349_,DUW3WO4NP3W9FV5KJOHP,
,,,example_username_350_,DUQAJXKAMLUHH557VP3B,
,,,example_username_351_,DU0P1LLABOU909G8ZNYA,
,,,example_username_352_,DU8MB2UIW59CRZCZTHHJ,
,,,example_username_353_,DUB0CBZD227ULR85NCT1,
,,,example_username_354_,DU4UCE8REEFGQD6XA361,
,,,example_username_355_,DUWSY1WB2DUG23ZAR274,
,,,example_username_356_,DUBLK2NYC26XV5G7SWQR,
,,,example_username_357_,DUBYKU9WE6J08UZ6BFUW,
,,,example_username_358_,DUQ71CU5OKPBNBR26ZEW,
,,,example_username_359_,DU5I643JE55AWM3KJ09L,
,,,example_username_360_,DU8ZE8JHJ9DZFZBR6ZOW,
,,,example_username_361_,DU2J9T80EDUP5ZW7TCXX,
,,,example_username_362_,DUL0L0R6WIBPCDZ0YWQV,
,,,example_username_363_,DUF4HWN0ZW5ZXHJ1B3MO,
,,,example_username_364_,DUUHDHWSUFB19P7B532R,
,,,example_username_365_,DULRV0U2TFTKU108LDR9,
,,,example_username_366_,DUEH09CEBF6D5B7E351Q,
,,,example_username_367_,DUW96MINGMEUB0E10C92,
,,,example_username_368_,DUIS0FO4YMUUSUAT7IZY,
,,,example_username_369_,DU4788WGSOZ3YIHNDP9Y,
,,,example_username_370_,DUKPUWV1FFVZH8YIG1HY,
,,,example_username_371_,DUCIKBSLS5LNOBRBUE08,
,,,example_username_372_,DUQZWZT0ALJSOTWQHXKR,
,,,example_username_373_,DUKIK36X2UQ1UP0ILNP6,
,,,example_username_374_,DU7PXLSZXZTARXUCO1QJ,
,,,example_username_375_,DU7DR2FI52LF273Z6PGJ,
,,,example_username_376_,DUVIRCH7P8RJG1E2MC2E,
,,,example_username_377_,DUPKY9L2ZOZRYJB1XZQ0,
,,,example_username_378_,DUL5TV6TRPK66SC5DRHJ,
,,,example_username_379_,DULIPPKQ22TSBPB9OLPS,
,,,example_username_380_,DUD9UORQ8M1IAVGCJKMI,
,,,example_username_381_,DU0S1X3US3WE3VAGNRNT,
,,,example_username_382_,DUAWSCV2O3U84Q6W0EGI,
,,,example_username_383_,DUDLLWZ365BXBMTOMTP9,
,,,example_username_384_,DUNA3V70E4G9ILLP4NM8,
,,,example_username_385_,DUFA94OMK2WJO6CFCMGP,
,,,example_username_386_,DUXYUG73DJE34S9F6BL7,
,,,example_username_387_,DUB0MCKEJ514G5GG7018,
,,,example_username_388_,DUGS9QU0EV7III1NWN51,
,,,example_username_389_,DUU2F6NGEVCY2JA18RIN,
,,,example_username_390_,DULH594V0LYJEVUE2V1E,
,,,example_username_391_,DUZL6J1IYZU8UE4LD4QY,
,,,example_username_392_,DUPA9QFXP1E73D3F0D41,
,,,example_username_393_,DUL4MKYZN09AGJNH06A1,
,,,example_username_394_,DUVTNAUJ31F1V5SA9WZJ,
,,,example_username_395_,DU2ND72TH1WRGFZYU22V,
,,,example_username_396_,DU1ZE3IV17A6XBKVR6DT,
,,,example_username_397_,DU8US71LLX6ZL2B7G4NB,
,,,example_username_398_,DUG4FZC58JE777Z5LTJW,
,,,example_username_399_,DUAFOXMSSTZOXX72RDGQ,
,,,example_username_400_,DUXRGUR38RKNTBZT3H1T,
,,,example_username_401_,DUYVQBOD65BHAENMK5B7,
,,,example_username_402_,DU0EOI1XX8XK25B25FIV,
,,,example_username_403_,DU17839LZNOL9J9LYSEG,
,,,example_username_404_,DU47APK08OLEPJ4IQVOJ,
,,,example_username_405_,DUNBLSBVJ2QSBC33TPFR,
,,,example_username_406_,DUB8LC3I5GZROC6OVRGO,
,,,example_username_407_,DU3U8VVQAHU1EKJNGB3R,
,,,example_username_408_,DUGGSAGW3RLGQIU1OGFN,
,,,example_username_409_,DUDQOOID1PKL9DO65MWI,
,,,example_username_410_,DU542LJWAN8YW4Q1MWZ5,
,,,example_username_411_,DUDWJGC86VVN15L5PPYB,
,,,example_username_412_,DURJ3J77A57BNEAXOQJ9,
,,,example_username_413_,DUJM6AV1B3W2DPLABC5J,
,,,example_username_414_,DUHB473AIM5MVXGRF6IS,
,,,example_username_415_,DUULZJHSH355I5QQXX6F,
,,,example_username_416_,DUO82N7SQR4TMHBEOYUW,
,,,example_username_417_,DUGTQDAZO29H2E6OD1UK,
,,,example_username_418_,DUFP2B2P7QKK1NW14LY0,
,,,example_username_419_,DUG8S77YCG26WXRXXM4P,
,,,example_username_420_,DUYO0UF2CH2JISHY46ZP,
,,,example_username_421_,DU8HT7Q2R6TG1P0YMU78,
,,,example_username_422_,DUFZUH4L7Z3CS5SQC9DC,
,,,example_username_423_,DUI7CGHYVTMHOHWVGI5T,
,,,example_username_424_,DUSOWYZ14MIAC5QV4JBR,
,,,example_username_425_,DU76N922C41A1VDK7HOP,
,,,example_username_426_,DU0G126NFET29UO004IQ,
,,,example_username_427_,DUBQ8KSSTHNSKK1X1KAZ,
,,,example_username_428_,DUGN8PLEEIOPDE6Y7VBV,
,,,example_username_429_,DUTJIJEOIW93Q870A9KU,
,,,example_username_430_,DUJ14XTR2XV7MYOZB8LV,
,,,example_username_431_,DU99OP02GY1KSXNSMDJ7,
,,,example_username_432_,DU65O1D2EIHFORY4USZ8,
,,,example_username_433_,DU7IQ3F76LR7DF6F5CZA,
,,,example_username_434_,DUEINGZZC8AVJXKZE8ZH,
,,,example_username_435_,DUIJP9O8ZXB16HU4HJFI,
,,,example_username_436_,DUTFYC9ZVWO22E609FMP,
,,,example_username_437_,DUBVEMKAY95QAT78VW5S,
,,,example_username_438_,DU0ZA1UTMMFQMZ753U5U,
,,,example_username_439_,DU1NYZ1XXBIPKEAF85JT,
,,,example_username_440_,DUIVK1OVF9YL2Z8XZY1P,
,,,example_username_441_,DUH3597SBV3N6TOL0R5I,
,,,example_username_442_,DUPCUVBGF5FJTZOXSOG7,
,,,example_username_443_,DUFA3DLGUEFDB6UCLVZ0,
,,,example_username_444_,DUIRFSMPT5VSQNRC4UFJ,
,,,example_username_445_,DUVXMO6RM3WOQYCY8PZN,
,,,example_username_446_,DUQUT0NGQZ4F41QIMDNU,
,,,example_username_447_,DUJNE2NAHW1HZFRSAELW,
,,,example_username_448_,DUW2C2MI4BHD2IT0MMLP,
,,,example_username_449_,DUGWHUCL5N4OOGAKIFM9,
,,,example_username_450_,DU6S4YIPFAA9TQXIEH0E,
,,,example_username_451_,DUOWKBMV1T8RZ2AJEQZT,
,,,example_username_452_,DUVZ0BAB1KB3LMDXZ5BH,
,,,example_username_453_,DU9UO2NEYPSY8T8JXUQ0,
,,,example_username_454_,DUKCIWWZUDT6NU65QDW3,
,,,example_username_455_,DUK4IHUELDNWKBSYODJ5,
,,,example_username_456_,DUY00D0ACWTN3WH93MHD,
,,,example_username_457_,DUFWLPSOTKYS4AXTSJ8P,
,,,example_username_458_,DUHDE0XDQISF191R92OT,
,,,example_username_459_,DUPLRI0RORQ2BFTGOLLA,
,,,example_username_460_,DUTOX8K44OHFEUXMUJL5,
,,,example_username_461_,DUGMJ81BHQT5Z0N3CCVV,
,,,example_username_462_,DU6R9M08JDHAGUORFVJ7,
,,,example_username_463_,DU8K3P10GB0S874HLLDE,
,,,example_username_464_,DUDML4T4WK3TXMM3SCF9,
,,,example_username_465_,DUDRD692GMIFMX7PMB79,
,,,example_username_466_,DUXIZRHUYK2L7ZFFLZGW,
,,,example_username_467_,DUEKHXEPEZ53WC9888A0,
,,,example_username_468_,DUFUOQOL0HQOP7NX121M,
,,,example_username_469_,DUAW8EDUQ14VKBN0S7LQ,
,,,example_username_470_,DU0J5SZ68KIHHDOU0OH1,
,,,example_username_471_,DUCIZSU9A9ORI6B592J5,
,,,example_username_472_,DUM80VVENEJEM4JBQMN2,
,,,example_username_473_,DUFL1HFMSVDWY7EA3MJB,
,,,example_username_474_,DUTOM7JT96BUYOTU9BFU,
,,,example_username_475_,DUS1L3DFG4DQM3CI8CGO,
,,,example_username_476_,DUUGT8OS1L7M4F8OMMCG,
,,,example_username_477_,DU4OIRF1J87D5V74ZAO9,
,,,example_username_478_,DUCBFJ8L78IWE4ICZGOU,
,,,example_username_479_,DUTCVBVPOFOIVXIXCRMB,
,,,example_username_480_,DU6S8WDGGQNZNX2GM41Q,
,,,example_username_481_,DUL4Y8AW8RGSSIL9W1OU,
